-- phpMyAdmin SQL Dump
-- version 3.3.1
-- http://www.phpmyadmin.net
--
-- Хост: localhost
-- Время создания: Окт 24 2010 г., 21:47
-- Версия сервера: 5.1.48
-- Версия PHP: 5.3.2

SET SQL_MODE="NO_AUTO_VALUE_ON_ZERO";

--
-- База данных: `gas_db`
--

-- --------------------------------------------------------

--
-- Структура таблицы `accounts`
--

CREATE TABLE IF NOT EXISTS `accounts` (
  `id` int(11) NOT NULL AUTO_INCREMENT,
  `status` int(1) NOT NULL DEFAULT '0',
  `user_id` int(11) NOT NULL DEFAULT '0',
  `name` varchar(255) NOT NULL DEFAULT ' ',
  PRIMARY KEY (`id`)
) AUTO_INCREMENT=3 ;

--
-- Дамп данных таблицы `accounts`
--

INSERT INTO `accounts` (`id`, `status`, `user_id`, `name`) VALUES
(0, 1, 1, ' '),
(1, 1, 1, ' Кошелёк'),
(2, 1, 1, ' Карта СКБ-банка');

-- --------------------------------------------------------

--
-- Структура таблицы `balance`
--

CREATE TABLE IF NOT EXISTS `balance` (
  `id` int(11) NOT NULL AUTO_INCREMENT,
  `status` int(1) NOT NULL DEFAULT '0',
  `user_id` int(11) NOT NULL DEFAULT '0',
  `acc_id` int(11) NOT NULL DEFAULT '0',
  `bal_date` int(11) NOT NULL DEFAULT '0',
  `bx` decimal(18,2) NOT NULL DEFAULT '0.00',
  `debet` decimal(18,2) NOT NULL DEFAULT '0.00',
  `credit` decimal(18,2) NOT NULL DEFAULT '0.00',
  `isx` decimal(18,2) NOT NULL DEFAULT '0.00',
  PRIMARY KEY (`id`)
) AUTO_INCREMENT=394 ;

--
-- Дамп данных таблицы `balance`
--

INSERT INTO `balance` (`id`, `status`, `user_id`, `acc_id`, `bal_date`, `bx`, `debet`, `credit`, `isx`) VALUES
(375, 1, 1, 1, 1284670800, 200.00, 50.00, 0.00, 150.00),
(376, 1, 1, 1, 1284843600, 150.00, 50.00, 0.00, 100.00),
(377, 1, 1, 1, 1285102800, 100.00, 1250.00, 1800.00, 650.00),
(378, 1, 1, 1, 1285189200, 650.00, 500.00, 0.00, 150.00),
(379, 1, 1, 1, 1285621200, 150.00, 100.00, 0.00, 50.00),
(380, 1, 1, 1, 1285790400, 50.00, 50.00, 0.00, 0.00),
(381, 1, 1, 1, 1286049600, 0.00, 600.00, 850.00, 250.00),
(382, 1, 1, 2, 1284670800, 6158.76, 1150.51, 11910.49, 16918.74),
(383, 1, 1, 2, 1284930000, 16918.74, 650.00, 0.00, 16268.74),
(384, 1, 1, 2, 1285016400, 16268.74, 4203.89, 0.00, 12064.85),
(385, 1, 1, 2, 1285099200, 12064.85, 273.80, 0.00, 11791.05),
(386, 1, 1, 2, 1285102800, 11791.05, 2260.00, 0.00, 9531.05),
(387, 1, 1, 2, 1285621200, 9531.05, 460.00, 0.00, 9071.05),
(388, 1, 1, 2, 1285963200, 9071.05, 631.74, 8780.64, 17219.95),
(389, 1, 1, 2, 1286049600, 17219.95, 2045.79, 0.00, 15174.16),
(390, 1, 1, 2, 1286136000, 15174.16, 50.00, 0.00, 15124.16),
(391, 1, 1, 2, 1284584400, 158.76, 0.00, 6000.00, 6158.76),
(392, 1, 1, 1, 1286485200, 250.00, 0.00, 0.00, 250.00),
(393, 1, 1, 2, 1286485200, 15124.16, 0.00, 0.00, 15124.16);

-- --------------------------------------------------------

--
-- Структура таблицы `banks`
--

CREATE TABLE IF NOT EXISTS `banks` (
  `id` int(11) NOT NULL AUTO_INCREMENT,
  `status` int(1) NOT NULL DEFAULT '0',
  `user_id` int(9) NOT NULL DEFAULT '0',
  `bic` varchar(9) NOT NULL DEFAULT '',
  `name` varchar(255) NOT NULL DEFAULT '',
  `begin_date` int(11) NOT NULL DEFAULT '0',
  `summa` decimal(18,2) NOT NULL DEFAULT '0.00',
  `stavka` decimal(18,2) NOT NULL DEFAULT '0.00',
  `gash_sum` decimal(18,2) NOT NULL DEFAULT '0.00',
  PRIMARY KEY (`id`)
) AUTO_INCREMENT=3 ;

--
-- Дамп данных таблицы `banks`
--

INSERT INTO `banks` (`id`, `status`, `user_id`, `bic`, `name`, `begin_date`, `summa`, `stavka`, `gash_sum`) VALUES
(1, 1, 1, '', 'Сбербанк', 1179867600, 250000.00, 11.50, 4166.67),
(2, 1, 1, '', 'СКБ банк', 1257372000, 140555.54, 18.00, 2383.00);

-- --------------------------------------------------------

--
-- Структура таблицы `cat`
--

CREATE TABLE IF NOT EXISTS `cat` (
  `id` int(11) NOT NULL AUTO_INCREMENT,
  `user_id` int(11) NOT NULL DEFAULT '0',
  `status` int(1) NOT NULL DEFAULT '0',
  `rating` int(11) NOT NULL DEFAULT '0',
  `name` varchar(255) NOT NULL DEFAULT ' ',
  `op` int(1) NOT NULL DEFAULT '1',
  `isoborot` int(1) NOT NULL DEFAULT '0',
  PRIMARY KEY (`id`)
) AUTO_INCREMENT=113 ;

--
-- Дамп данных таблицы `cat`
--

INSERT INTO `cat` (`id`, `user_id`, `status`, `rating`, `name`, `op`, `isoborot`) VALUES
(0, 1, 1, 0, ' Все категории', 1, 1),
(1, 1, 1, 24, ' Еда и продукты', 1, 1),
(2, 1, 1, 0, ' Одежда и обувь', 1, 1),
(3, 1, 1, 3, 'Здоровье', 1, 1),
(4, 1, 1, 11, ' Дом', 1, 1),
(5, 1, 1, 5, ' Авто', 1, 1),
(6, 1, 1, 0, 'В долг', 1, 1),
(7, 1, 1, 1, ' Зарплата', 2, 1),
(8, 1, 1, 0, ' Премия', 2, 1),
(9, 1, 1, 0, ' Аванс', 2, 1),
(10, 1, 1, 0, ' Другие доходы', 2, 1),
(22, 1, 1, 0, 'Отпускные', 2, 1),
(23, 1, 1, 1, 'Гашение кредитов', 1, 1),
(93, 1, 1, 0, 'Квартира', 1, 1),
(95, 1, 1, 0, 'Работа', 1, 1),
(97, 1, 1, 0, 'Взял в долг', 2, 1),
(98, 1, 1, 2, 'Дни рождения', 1, 1),
(100, 1, 1, 4, 'С карты в кошелёк', 1, 0),
(101, 1, 1, 5, 'В кошелёк с карты', 2, 0),
(102, 1, 1, 2, 'Поездки', 1, 1),
(103, 1, 1, 1, 'Непонятно куда', 1, 1),
(104, 1, 1, 1, 'Комиссия банкомата', 1, 1),
(106, 2, 1, 1, 'ЗП', 2, 1),
(107, 2, 1, 1, 'Авто', 1, 1),
(111, 1, -1, 2, 'wertweter', 1, 1),
(112, 1, -1, 1, 'Новая категория', 1, 1);

-- --------------------------------------------------------

--
-- Структура таблицы `gas`
--

CREATE TABLE IF NOT EXISTS `gas` (
  `id` int(11) NOT NULL AUTO_INCREMENT,
  `prev_id` int(11) NOT NULL DEFAULT '0',
  `next_id` int(11) NOT NULL DEFAULT '0',
  `user_id` int(11) NOT NULL DEFAULT '0',
  `status` int(1) NOT NULL DEFAULT '0',
  `z_date` int(11) NOT NULL DEFAULT '0',
  `date_z` date NOT NULL DEFAULT '1970-01-01',
  `summ` decimal(18,2) NOT NULL DEFAULT '0.00',
  `litr` decimal(18,2) NOT NULL DEFAULT '0.00',
  `odo` decimal(18,2) NOT NULL DEFAULT '0.00',
  `next_odo` decimal(18,2) NOT NULL DEFAULT '0.00',
  `rubl2litr` decimal(18,2) NOT NULL DEFAULT '0.00',
  `km` decimal(18,2) NOT NULL DEFAULT '0.00',
  `litr2100km` decimal(18,4) NOT NULL DEFAULT '0.0000',
  `rubl2km` decimal(18,4) NOT NULL DEFAULT '0.0000',
  `comment` varchar(255) NOT NULL DEFAULT '',
  PRIMARY KEY (`id`)
) AUTO_INCREMENT=118 ;

--
-- Дамп данных таблицы `gas`
--

INSERT INTO `gas` (`id`, `prev_id`, `next_id`, `user_id`, `status`, `z_date`, `date_z`, `summ`, `litr`, `odo`, `next_odo`, `rubl2litr`, `km`, `litr2100km`, `rubl2km`, `comment`) VALUES
(1, 5, 4, 1, 1, 1282338000, '0000-00-00', 299.00, 13.00, 235990.00, 236090.00, 23.00, 100.00, 13.0000, 2.9900, ''),
(2, 3, 5, 1, 1, 1281128400, '0000-00-00', 690.00, 30.00, 235430.00, 235690.00, 23.00, 260.00, 11.5385, 2.6538, ''),
(3, 39, 2, 1, 1, 1280782800, '0000-00-00', 690.00, 30.00, 235175.00, 235430.00, 23.00, 255.00, 11.7647, 2.7059, ''),
(4, 1, 6, 1, 1, 1282770000, '0000-00-00', 299.00, 13.00, 236090.00, 236190.00, 23.00, 100.00, 13.0000, 2.9900, ''),
(5, 2, 1, 1, 1, 1281733200, '0000-00-00', 690.00, 30.00, 235690.00, 235990.00, 23.00, 300.00, 10.0000, 2.3000, ''),
(6, 4, 7, 1, 1, 1282856400, '0000-00-00', 690.00, 30.00, 236190.00, 236440.00, 23.00, 250.00, 12.0000, 2.7600, ''),
(7, 6, 0, 1, 1, 1283461200, '0000-00-00', 690.00, 30.00, 236440.00, 236610.00, 23.00, 170.00, 17.6471, 4.0588, ''),
(9, 81, 10, 1, 1, 1263168000, '0000-00-00', 690.00, 30.00, 228710.00, 228850.00, 23.00, 140.00, 21.4286, 4.9286, ''),
(10, 9, 11, 1, 1, 1264118400, '0000-00-00', 500.00, 21.73, 228850.00, 228960.00, 23.01, 110.00, 19.7545, 4.5455, ''),
(11, 10, 12, 1, 1, 1264464000, '0000-00-00', 300.00, 13.33, 228960.00, 229050.00, 22.51, 90.00, 14.8111, 3.3333, ''),
(12, 11, 13, 1, 1, 1265068800, '0000-00-00', 690.00, 30.00, 229050.00, 229228.00, 23.00, 178.00, 16.8539, 3.8764, ''),
(13, 12, 14, 1, 1, 1266105600, '0000-00-00', 247.00, 10.00, 229228.00, 229288.00, 24.70, 60.00, 16.6667, 4.1167, ''),
(14, 13, 15, 1, 1, 1268092800, '0000-00-00', 300.00, 13.04, 229288.00, 229360.00, 23.01, 72.00, 18.1111, 4.1667, ''),
(15, 14, 16, 1, 1, 1268784000, '0000-00-00', 500.00, 22.22, 229360.00, 229536.00, 22.50, 176.00, 12.6250, 2.8409, ''),
(16, 15, 17, 1, 1, 1269388800, '0000-00-00', 500.00, 21.73, 229536.00, 229700.00, 23.01, 164.00, 13.2500, 3.0488, ''),
(17, 16, 18, 1, 1, 1269727200, '0000-00-00', 230.00, 10.00, 229700.00, 229797.00, 23.00, 97.00, 10.3093, 2.3711, ''),
(18, 17, 19, 1, 1, 1270080000, '0000-00-00', 500.00, 21.73, 229797.00, 229940.00, 23.01, 143.00, 15.1958, 3.4965, ''),
(19, 18, 20, 1, 1, 1270684800, '0000-00-00', 500.00, 21.73, 229940.00, 230082.00, 23.01, 142.00, 15.3028, 3.5211, ''),
(20, 19, 21, 1, 1, 1271548800, '0000-00-00', 920.00, 40.00, 230082.00, 230430.00, 23.00, 348.00, 11.4943, 2.6437, ''),
(21, 20, 22, 1, 1, 1272153600, '0000-00-00', 920.00, 40.00, 230430.00, 230800.00, 23.00, 370.00, 10.8108, 2.4865, ''),
(22, 21, 23, 1, 1, 1273449600, '0000-00-00', 500.00, 21.73, 230800.00, 231000.00, 23.01, 200.00, 10.8650, 2.5000, ''),
(23, 22, 24, 1, 1, 1273795200, '0000-00-00', 400.00, 20.00, 231000.00, 231200.00, 20.00, 200.00, 10.0000, 2.0000, ''),
(24, 23, 25, 1, 1, 1273795200, '0000-00-00', 685.00, 31.83, 231200.00, 231490.00, 21.52, 290.00, 10.9759, 2.3621, ''),
(25, 24, 26, 1, 1, 1273881600, '0000-00-00', 500.00, 25.00, 231490.00, 231750.00, 20.00, 260.00, 9.6154, 1.9231, ''),
(26, 25, 27, 1, 1, 1273881600, '0000-00-00', 500.00, 23.26, 231750.00, 231962.00, 21.50, 212.00, 10.9717, 2.3585, ''),
(27, 26, 28, 1, 1, 1274486400, '0000-00-00', 500.00, 21.73, 231962.00, 232167.00, 23.01, 205.00, 10.6000, 2.4390, ''),
(28, 27, 29, 1, 1, 1275091200, '0000-00-00', 920.00, 40.00, 232167.00, 232470.00, 23.00, 303.00, 13.2013, 3.0363, ''),
(29, 28, 30, 1, 1, 1275696000, '0000-00-00', 500.00, 21.73, 232470.00, 232633.00, 23.01, 163.00, 13.3313, 3.0675, ''),
(30, 29, 31, 1, 1, 1276300800, '0000-00-00', 690.00, 30.00, 232633.00, 232940.00, 23.00, 307.00, 9.7720, 2.2476, ''),
(31, 30, 32, 1, 1, 1276732800, '0000-00-00', 690.00, 30.00, 232940.00, 233220.00, 23.00, 280.00, 10.7143, 2.4643, ''),
(32, 31, 33, 1, 1, 1277424000, '0000-00-00', 920.00, 40.00, 233220.00, 233622.00, 23.00, 402.00, 9.9502, 2.2886, ''),
(33, 32, 34, 1, 1, 1277856000, '0000-00-00', 200.00, 9.30, 233622.00, 233694.00, 21.51, 72.00, 12.9167, 2.7778, ''),
(34, 33, 35, 1, 1, 1278288000, '0000-00-00', 920.00, 40.00, 233694.00, 233938.00, 23.00, 244.00, 16.3934, 3.7705, ''),
(35, 34, 36, 1, 1, 1278979200, '0000-00-00', 690.00, 30.00, 233938.00, 234140.00, 23.00, 202.00, 14.8515, 3.4158, ''),
(36, 35, 37, 1, 1, 1279324800, '0000-00-00', 460.00, 20.00, 234140.00, 234340.00, 23.00, 200.00, 10.0000, 2.3000, ''),
(37, 36, 38, 1, 1, 1279497600, '0000-00-00', 690.00, 30.00, 234340.00, 234650.00, 23.00, 310.00, 9.6774, 2.2258, ''),
(38, 37, 39, 1, 1, 1279843200, '0000-00-00', 575.00, 25.00, 234650.00, 234890.00, 23.00, 240.00, 10.4167, 2.3958, ''),
(39, 38, 3, 1, 1, 1280275200, '0000-00-00', 690.00, 30.00, 234890.00, 235175.00, 23.00, 285.00, 10.5263, 2.4211, ''),
(40, 0, 41, 1, 1, 1245715200, '0000-00-00', 500.00, 23.26, 221410.00, 221594.00, 21.50, 184.00, 12.6413, 2.7174, ''),
(41, 40, 42, 1, 1, 1245963600, '0000-00-00', 400.00, 18.60, 221594.00, 221752.00, 21.51, 158.00, 11.7722, 2.5316, ''),
(42, 41, 43, 1, 1, 1246309200, '0000-00-00', 500.00, 23.26, 221752.00, 221896.00, 21.50, 144.00, 16.1528, 3.4722, ''),
(43, 42, 44, 1, 1, 1246827600, '0000-00-00', 400.00, 18.18, 221896.00, 222069.00, 22.00, 173.00, 10.5087, 2.3121, ''),
(44, 43, 45, 1, 1, 1247173200, '0000-00-00', 220.00, 10.00, 222069.00, 222127.00, 22.00, 58.00, 17.2414, 3.7931, ''),
(45, 44, 46, 1, 1, 1247432400, '0000-00-00', 450.00, 20.00, 222127.00, 222315.00, 22.50, 188.00, 10.6383, 2.3936, ''),
(46, 45, 47, 1, 1, 1247605200, '0000-00-00', 200.00, 8.89, 222315.00, 222350.00, 22.50, 35.00, 25.4000, 5.7143, ''),
(47, 46, 48, 1, 1, 1247778000, '0000-00-00', 400.00, 17.78, 222350.00, 222517.00, 22.50, 167.00, 10.6467, 2.3952, ''),
(48, 47, 49, 1, 1, 1247864400, '0000-00-00', 641.25, 29.99, 222517.00, 222741.00, 21.38, 224.00, 13.3884, 2.8627, ''),
(49, 48, 50, 1, 1, 1248296400, '0000-00-00', 450.00, 20.00, 222741.00, 222945.00, 22.50, 204.00, 9.8039, 2.2059, ''),
(50, 49, 51, 1, 1, 1248728400, '0000-00-00', 427.50, 20.00, 222945.00, 223110.00, 21.38, 165.00, 12.1212, 2.5909, ''),
(51, 50, 52, 1, 1, 1248987600, '0000-00-00', 855.00, 39.99, 223110.00, 223428.00, 21.38, 318.00, 12.5755, 2.6887, ''),
(52, 51, 53, 1, 1, 1249419600, '0000-00-00', 450.00, 20.00, 223428.00, 223590.00, 22.50, 162.00, 12.3457, 2.7778, ''),
(53, 52, 54, 1, 1, 1249678800, '0000-00-00', 300.00, 13.33, 223590.00, 223711.00, 22.51, 121.00, 11.0165, 2.4793, ''),
(54, 53, 55, 1, 1, 1249765200, '0000-00-00', 200.00, 8.88, 223711.00, 223807.00, 22.52, 96.00, 9.2500, 2.0833, ''),
(55, 54, 56, 1, 1, 1249938000, '0000-00-00', 900.00, 40.00, 223807.00, 224181.00, 22.50, 374.00, 10.6952, 2.4064, ''),
(56, 55, 57, 1, 1, 1250283600, '0000-00-00', 300.00, 12.87, 224181.00, 224287.00, 23.31, 106.00, 12.1415, 2.8302, ''),
(57, 56, 58, 1, 1, 1250629200, '0000-00-00', 800.00, 34.33, 224287.00, 224571.00, 23.30, 284.00, 12.0880, 2.8169, ''),
(58, 57, 59, 1, 1, 1250974800, '0000-00-00', 200.00, 8.58, 224571.00, 224681.00, 23.31, 110.00, 7.8000, 1.8182, ''),
(59, 58, 60, 1, 1, 1251147600, '0000-00-00', 500.00, 21.45, 224681.00, 224833.00, 23.31, 152.00, 14.1118, 3.2895, ''),
(60, 59, 61, 1, 1, 1251579600, '0000-00-00', 500.00, 21.45, 224833.00, 224998.00, 23.31, 165.00, 13.0000, 3.0303, ''),
(61, 60, 62, 1, 1, 1252702800, '0000-00-00', 500.00, 20.57, 224998.00, 225170.00, 24.31, 172.00, 11.9593, 2.9070, ''),
(62, 61, 63, 1, 1, 1253134800, '0000-00-00', 700.00, 28.81, 225170.00, 225357.00, 24.30, 187.00, 15.4064, 3.7433, ''),
(63, 62, 64, 1, 1, 1253566800, '0000-00-00', 500.00, 20.57, 225357.00, 225510.00, 24.31, 153.00, 13.4444, 3.2680, ''),
(64, 63, 65, 1, 1, 1254258000, '0000-00-00', 500.00, 20.57, 225510.00, 225643.00, 24.31, 133.00, 15.4662, 3.7594, ''),
(65, 64, 66, 1, 1, 1254517200, '0000-00-00', 461.70, 20.00, 225643.00, 225838.00, 23.09, 195.00, 10.2564, 2.3677, ''),
(66, 65, 67, 1, 1, 1254603600, '0000-00-00', 500.00, 20.57, 225838.00, 225991.00, 24.31, 153.00, 13.4444, 3.2680, ''),
(67, 66, 68, 1, 1, 1255122000, '0000-00-00', 300.00, 12.60, 225991.00, 226087.00, 23.81, 96.00, 13.1250, 3.1250, ''),
(68, 67, 69, 1, 1, 1255294800, '0000-00-00', 500.00, 21.00, 226087.00, 226253.00, 23.81, 166.00, 12.6506, 3.0120, ''),
(69, 68, 70, 1, 1, 1255640400, '0000-00-00', 200.00, 8.40, 226253.00, 226285.00, 23.81, 32.00, 26.2500, 6.2500, ''),
(70, 69, 71, 1, 1, 1255726800, '0000-00-00', 952.00, 40.00, 226285.00, 226653.00, 23.80, 368.00, 10.8696, 2.5870, ''),
(71, 70, 72, 1, 1, 1256245200, '0000-00-00', 500.00, 21.00, 226653.00, 226793.00, 23.81, 140.00, 15.0000, 3.5714, ''),
(72, 71, 73, 1, 1, 1256680800, '0000-00-00', 200.00, 8.40, 226793.00, 226856.00, 23.81, 63.00, 13.3333, 3.1746, ''),
(73, 72, 74, 1, 1, 1256853600, '0000-00-00', 1000.00, 42.01, 226856.00, 227152.00, 23.80, 296.00, 14.1926, 3.3784, ''),
(74, 73, 75, 1, 1, 1257544800, '0000-00-00', 500.00, 21.00, 227152.00, 227278.00, 23.81, 126.00, 16.6667, 3.9683, ''),
(75, 74, 76, 1, 1, 1257804000, '0000-00-00', 300.00, 12.60, 227278.00, 227338.00, 23.81, 60.00, 21.0000, 5.0000, ''),
(76, 75, 77, 1, 1, 1258063200, '0000-00-00', 500.00, 21.00, 227338.00, 227464.00, 23.81, 126.00, 16.6667, 3.9683, ''),
(77, 76, 78, 1, 1, 1258236000, '0000-00-00', 952.00, 40.00, 227464.00, 228050.00, 23.80, 586.00, 6.8259, 1.6246, ''),
(78, 77, 79, 1, 1, 1259532000, '0000-00-00', 714.00, 30.00, 228050.00, 228190.00, 23.80, 140.00, 21.4286, 5.1000, ''),
(79, 78, 80, 1, 1, 1260136800, '0000-00-00', 705.00, 30.00, 228190.00, 228354.00, 23.50, 164.00, 18.2927, 4.2988, ''),
(80, 79, 81, 1, 1, 1260568800, '0000-00-00', 690.00, 30.00, 228354.00, 228550.00, 23.00, 196.00, 15.3061, 3.5204, ''),
(81, 80, 9, 1, 1, 1261346400, '0000-00-00', 630.00, 30.00, 228550.00, 228710.00, 21.00, 160.00, 18.7500, 3.9375, ''),
(107, 7, 0, 1, 1, 1283976000, '1970-01-01', 690.00, 30.00, 236610.00, 236870.00, 23.00, 260.00, 11.5385, 2.6538, ''),
(108, 107, 0, 1, 1, 1284408000, '1970-01-01', 460.00, 20.00, 236870.00, 237010.00, 23.00, 140.00, 14.2857, 3.2857, ''),
(109, 108, 0, 1, 1, 1284667200, '1970-01-01', 920.00, 40.00, 237010.00, 237310.00, 23.00, 300.00, 13.3333, 3.0667, ''),
(110, 109, 0, 1, 1, 1285099200, '1970-01-01', 460.00, 20.00, 237310.00, 237500.00, 23.00, 190.00, 10.5263, 2.4211, ''),
(111, 110, 0, 1, 1, 1285099200, '1970-01-01', 450.00, 20.00, 237500.00, 237700.00, 22.50, 200.00, 10.0000, 2.2500, ''),
(112, 111, 0, 1, 1, 1285358400, '1970-01-01', 600.00, 34.09, 237700.00, 238160.00, 17.60, 460.00, 7.4109, 1.3043, ''),
(113, 112, 0, 1, 1, 1285617600, '1970-01-01', 500.00, 28.41, 238160.00, 238447.00, 17.60, 287.00, 9.8990, 1.7422, ''),
(114, 113, 0, 1, 1, 1285617600, '1970-01-01', 460.00, 20.00, 238447.00, 0.00, 23.00, 0.00, 0.0000, 0.0000, ''),
(115, 0, 0, 2, 1, 1284148800, '1970-01-01', 499.84, 22.72, 213628.00, 213793.00, 22.00, 165.00, 13.7697, 3.0293, ''),
(116, 115, 0, 2, 1, 1284753600, '1970-01-01', 500.06, 22.73, 213793.00, 214107.00, 22.00, 314.00, 7.2389, 1.5925, ''),
(117, 116, 0, 2, 1, 1285444800, '1970-01-01', 500.03, 22.73, 214107.00, 0.00, 22.00, 0.00, 0.0000, 0.0000, '');

-- --------------------------------------------------------

--
-- Структура таблицы `mycred`
--

CREATE TABLE IF NOT EXISTS `mycred` (
  `id` int(11) NOT NULL AUTO_INCREMENT,
  `prev_id` int(11) NOT NULL DEFAULT '0',
  `next_id` int(11) NOT NULL DEFAULT '0',
  `status` int(1) NOT NULL DEFAULT '0',
  `user_id` int(11) NOT NULL DEFAULT '0',
  `bank_id` int(1) NOT NULL DEFAULT '0',
  `prev_date` int(11) NOT NULL DEFAULT '0',
  `plat_date` int(11) NOT NULL DEFAULT '0',
  `days` int(9) NOT NULL DEFAULT '0',
  `plat_summ` decimal(18,2) NOT NULL DEFAULT '0.00',
  `perc_summ` decimal(18,2) NOT NULL DEFAULT '0.00',
  `plan_summ` decimal(18,2) NOT NULL DEFAULT '0.00',
  `oz` decimal(18,2) NOT NULL DEFAULT '0.00',
  PRIMARY KEY (`id`)
) AUTO_INCREMENT=156 ;

--
-- Дамп данных таблицы `mycred`
--

INSERT INTO `mycred` (`id`, `prev_id`, `next_id`, `status`, `user_id`, `bank_id`, `prev_date`, `plat_date`, `days`, `plat_summ`, `perc_summ`, `plan_summ`, `oz`) VALUES
(1, 0, 2, 1, 1, 1, 1179867600, 1183323600, 40, 7000.00, 3150.68, 0.00, 250000.00),
(2, 1, 3, 1, 1, 1, 1183323600, 1183496400, 2, 500.00, 155.11, 0.00, 246150.68),
(3, 2, 4, 1, 1, 1, 1183496400, 1185829200, 27, 6600.00, 2091.03, 0.00, 245805.79),
(4, 3, 5, 1, 1, 1, 1185829200, 1189112400, 38, 7000.00, 2888.95, 0.00, 241296.82),
(5, 4, 6, 1, 1, 1, 1189112400, 1191531600, 28, 6000.00, 2092.43, 0.00, 237185.77),
(6, 5, 7, 1, 1, 1, 1191531600, 1192654800, 13, 2000.00, 955.48, 0.00, 233278.20),
(7, 6, 8, 1, 1, 1, 1192654800, 1193954400, 15, 4300.00, 1097.54, 0.00, 232233.68),
(8, 7, 9, 1, 1, 1, 1193954400, 1195164000, 14, 2000.00, 1010.25, 0.00, 229031.22),
(9, 8, 10, 1, 1, 1, 1195164000, 1196632800, 17, 4500.00, 1221.43, 0.00, 228041.47),
(10, 9, 11, 1, 1, 1, 1196632800, 1198015200, 16, 2000.00, 1133.05, 0.00, 224762.90),
(11, 10, 12, 1, 1, 1, 1198015200, 1199829600, 21, 4800.00, 1481.39, 0.00, 223895.95),
(12, 11, 13, 1, 1, 1, 1199829600, 1202248800, 28, 6500.00, 1945.92, 0.00, 220577.34),
(13, 12, 14, 1, 1, 1, 1202248800, 1203112800, 10, 2000.00, 680.62, 0.00, 216023.26),
(14, 13, 15, 1, 1, 1, 1203112800, 1204840800, 20, 4300.00, 1352.93, 0.00, 214703.88),
(15, 14, 16, 1, 1, 1, 1204840800, 1205618400, 9, 2000.00, 600.46, 0.00, 211756.81),
(16, 15, 17, 1, 1, 1, 1205618400, 1207170000, 18, 4000.00, 1192.99, 0.00, 210357.27),
(17, 16, 18, 1, 1, 1, 1207170000, 1208293200, 13, 2000.00, 850.10, 0.00, 207550.26),
(18, 17, 19, 1, 1, 1, 1208293200, 1210107600, 21, 4500.00, 1365.64, 0.00, 206400.36),
(19, 18, 20, 1, 1, 1, 1210107600, 1210798800, 8, 2000.00, 512.34, 0.00, 203266.00),
(20, 19, 21, 1, 1, 1, 1210798800, 1212613200, 21, 4100.00, 1335.05, 0.00, 201778.34),
(21, 20, 22, 1, 1, 1, 1212613200, 1213477200, 10, 2000.00, 627.03, 0.00, 199013.39),
(22, 21, 23, 1, 1, 1, 1213477200, 1214946000, 17, 3000.00, 1058.59, 0.00, 197640.42),
(23, 22, 24, 1, 1, 1, 1214946000, 1216069200, 13, 2000.00, 801.56, 0.00, 195699.01),
(24, 23, 25, 1, 1, 1, 1216069200, 1217797200, 20, 4100.00, 1225.62, 0.00, 194500.57),
(25, 24, 26, 1, 1, 1, 1217797200, 1218747600, 11, 2000.00, 664.13, 0.00, 191626.19),
(26, 25, 27, 1, 1, 1, 1218747600, 1220475600, 20, 4100.00, 1199.09, 0.00, 190290.32),
(27, 26, 28, 1, 1, 1, 1220475600, 1221426000, 11, 2000.00, 649.45, 0.00, 187389.41),
(28, 27, 29, 1, 1, 1, 1221426000, 1222894800, 17, 4000.00, 996.45, 0.00, 186038.86),
(29, 28, 30, 1, 1, 1, 1222894800, 1224018000, 13, 2000.00, 749.69, 0.00, 183035.31),
(30, 29, 31, 1, 1, 1, 1224018000, 1226008800, 23, 4300.00, 1317.32, 0.00, 181785.00),
(31, 30, 32, 1, 1, 1, 1226008800, 1226700000, 8, 2000.00, 450.68, 0.00, 178802.32),
(32, 31, 33, 1, 1, 1, 1226700000, 1228168800, 17, 3700.00, 949.40, 0.00, 177253.00),
(33, 32, 34, 1, 1, 1, 1228168800, 1229292000, 13, 2000.00, 714.74, 0.00, 174502.40),
(34, 33, 35, 1, 1, 1, 1229292000, 1231365600, 24, 4000.00, 1309.81, 0.00, 173217.14),
(35, 34, 36, 1, 1, 1, 1231365600, 1231970400, 7, 2000.00, 376.09, 0.00, 170526.95),
(36, 35, 37, 1, 1, 1, 1231970400, 1233612000, 19, 3500.00, 1011.10, 0.00, 168903.04),
(37, 36, 38, 1, 1, 1, 1233612000, 1234648800, 12, 2000.00, 629.18, 0.00, 166414.14),
(38, 37, 39, 1, 1, 1, 1234648800, 1236031200, 16, 3500.00, 832.00, 0.00, 165043.32),
(39, 38, 40, 1, 1, 1, 1236031200, 1237068000, 12, 2000.00, 613.91, 0.00, 162375.32),
(40, 39, 41, 1, 1, 1, 1237068000, 1238619600, 18, 3700.00, 913.01, 0.00, 160989.23),
(41, 40, 42, 1, 1, 1, 1238619600, 1239742800, 13, 2000.00, 647.98, 0.00, 158202.24),
(42, 41, 43, 1, 1, 1, 1239742800, 1241384400, 19, 4000.00, 938.95, 0.00, 156850.22),
(43, 42, 44, 1, 1, 1, 1241384400, 1242334800, 11, 2000.00, 533.00, 0.00, 153789.17),
(44, 43, 45, 1, 1, 1, 1242334800, 1243890000, 18, 3300.00, 863.85, 0.00, 152322.17),
(45, 44, 46, 1, 1, 1, 1243890000, 1245013200, 13, 2000.00, 613.92, 0.00, 149886.02),
(46, 45, 47, 1, 1, 1, 1245013200, 1246482000, 17, 3600.00, 795.39, 0.00, 148499.94),
(47, 46, 48, 1, 1, 1, 1246482000, 1247605200, 13, 2000.00, 596.75, 0.00, 145695.33),
(48, 47, 49, 1, 1, 1, 1247605200, 1249246800, 19, 3600.00, 863.78, 0.00, 144292.08),
(49, 48, 50, 1, 1, 1, 1249246800, 1250283600, 12, 2000.00, 535.20, 0.00, 141555.86),
(50, 49, 51, 1, 1, 1, 1250283600, 1251838800, 18, 3500.00, 794.49, 0.00, 140091.06),
(51, 50, 52, 1, 1, 1, 1251838800, 1252962000, 13, 2000.00, 562.72, 0.00, 137385.55),
(52, 51, 53, 1, 1, 1, 1252962000, 1254430800, 17, 3500.00, 728.16, 0.00, 135948.27),
(53, 52, 54, 1, 1, 1, 1254430800, 1255554000, 13, 2000.00, 545.48, 0.00, 133176.43),
(54, 53, 55, 1, 1, 1, 1255554000, 1257199200, 19, 3500.00, 788.53, 0.00, 131721.91),
(55, 54, 56, 1, 1, 1, 1257199200, 1258236000, 12, 2000.00, 487.77, 0.00, 129010.44),
(56, 55, 57, 1, 1, 1, 1258236000, 1259618400, 16, 3500.00, 642.73, 0.00, 127498.21),
(57, 56, 58, 1, 1, 1, 1259618400, 1260828000, 14, 2000.00, 549.79, 0.00, 124640.94),
(58, 57, 59, 1, 1, 1, 1260828000, 1262210400, 16, 3200.00, 621.02, 0.00, 123190.73),
(59, 58, 60, 1, 1, 1, 1262210400, 1263506400, 15, 2000.00, 570.01, 0.00, 120611.75),
(60, 59, 61, 1, 1, 1, 1263506400, 1265148000, 19, 3500.00, 713.46, 0.00, 119181.76),
(61, 60, 62, 1, 1, 1, 1265148000, 1266184800, 12, 2000.00, 440.07, 0.00, 116395.22),
(62, 61, 63, 1, 1, 1, 1266184800, 1268085600, 22, 3500.00, 795.98, 0.00, 114835.29),
(63, 62, 64, 1, 1, 1, 1268085600, 1268604000, 6, 2000.00, 211.97, 0.00, 112131.27),
(64, 63, 65, 1, 1, 1, 1268604000, 1270069200, 17, 3100.00, 591.02, 0.00, 110343.24),
(65, 64, 66, 1, 1, 1, 1270069200, 1271278800, 14, 2000.00, 475.65, 0.00, 107834.26),
(66, 65, 67, 1, 1, 1, 1271278800, 1273093200, 21, 3100.00, 703.39, 0.00, 106309.91),
(67, 66, 68, 1, 1, 1, 1273093200, 1273870800, 9, 2000.00, 294.66, 0.00, 103913.30),
(68, 67, 69, 1, 1, 1, 1273870800, 1275339600, 17, 3000.00, 547.44, 0.00, 102207.96),
(69, 68, 70, 1, 1, 1, 1275339600, 1276549200, 14, 2000.00, 440.02, 0.00, 99755.40),
(70, 69, 71, 1, 1, 1, 1276549200, 1278018000, 17, 3110.00, 525.95, 0.00, 98195.42),
(71, 70, 72, 1, 1, 1, 1278018000, 1279141200, 13, 2000.00, 391.61, 0.00, 95611.37),
(72, 71, 73, 1, 1, 1, 1279141200, 1280610000, 17, 3500.00, 503.50, 0.00, 94002.98),
(73, 72, 74, 1, 1, 1, 1280610000, 1281819600, 14, 2000.00, 401.43, 0.00, 91006.48),
(74, 73, 75, 1, 1, 1, 1281819600, 1283461200, 19, 2700.00, 535.22, 0.00, 89407.91),
(75, 74, 76, 1, 1, 1, 1283461200, 1284498000, 12, 2000.00, 329.85, 0.00, 87243.13),
(76, 75, 77, 1, 1, 1, 1284498000, 1286485200, 23, 3200.00, 620.11, 0.00, 85572.98),
(77, 76, 78, 1, 1, 1, 1286485200, 1288562400, 24, 5000.00, 627.56, 0.00, 82993.09),
(78, 77, 79, 1, 1, 1, 1288562400, 1291154400, 30, 0.00, 743.13, 4909.80, 78620.65),
(79, 78, 80, 1, 1, 1, 1291154400, 1293832800, 31, 0.00, 767.90, 4934.57, 78620.65),
(80, 79, 81, 1, 1, 1, 1293832800, 1296511200, 31, 0.00, 767.90, 4934.57, 78620.65),
(81, 80, 82, 1, 1, 1, 1296511200, 1298930400, 28, 0.00, 693.58, 4860.25, 78620.65),
(82, 81, 83, 1, 1, 1, 1298930400, 1301605200, 31, 0.00, 767.90, 4934.57, 78620.65),
(83, 82, 84, 1, 1, 1, 1301605200, 1304197200, 30, 0.00, 743.13, 4909.80, 78620.65),
(84, 83, 85, 1, 1, 1, 1304197200, 1306875600, 31, 0.00, 767.90, 4934.57, 78620.65),
(85, 84, 86, 1, 1, 1, 1306875600, 1309467600, 30, 0.00, 743.13, 4909.80, 78620.65),
(86, 85, 87, 1, 1, 1, 1309467600, 1312146000, 31, 0.00, 767.90, 4934.57, 78620.65),
(87, 86, 88, 1, 1, 1, 1312146000, 1314824400, 31, 0.00, 767.90, 4934.57, 78620.65),
(88, 87, 89, 1, 1, 1, 1314824400, 1317416400, 30, 0.00, 743.13, 4909.80, 78620.65),
(89, 88, 90, 1, 1, 1, 1317416400, 1320098400, 31, 0.00, 767.90, 4934.57, 78620.65),
(90, 89, 91, 1, 1, 1, 1320098400, 1322690400, 30, 0.00, 743.13, 4909.80, 78620.65),
(91, 90, 92, 1, 1, 1, 1322690400, 1325368800, 31, 0.00, 767.90, 4934.57, 78620.65),
(92, 91, 93, 1, 1, 1, 1325368800, 1328047200, 31, 0.00, 767.90, 4934.57, 78620.65),
(93, 92, 94, 1, 1, 1, 1328047200, 1330552800, 29, 0.00, 718.36, 4885.03, 78620.65),
(94, 93, 95, 1, 1, 1, 1330552800, 1333227600, 31, 0.00, 767.90, 4934.57, 78620.65),
(95, 94, 96, 1, 1, 1, 1333227600, 1335819600, 30, 0.00, 743.13, 4909.80, 78620.65),
(96, 95, 0, 1, 1, 1, 1335819600, 1338498000, 31, 0.00, 767.90, 4934.57, 78620.65),
(97, 0, 98, 1, 1, 2, 1257372000, 1261260000, 45, 5502.18, 3119.18, 0.00, 140555.54),
(98, 97, 99, 1, 1, 2, 1261260000, 1263938400, 31, 4495.34, 2112.34, 0.00, 138172.54),
(99, 98, 100, 1, 1, 2, 1263938400, 1266616800, 31, 4458.91, 2075.91, 0.00, 135789.54),
(100, 99, 101, 1, 1, 2, 1266616800, 1269036000, 28, 4225.11, 1842.11, 0.00, 133406.54),
(101, 100, 102, 1, 1, 2, 1269036000, 1271710800, 31, 4386.04, 2003.04, 0.00, 131023.54),
(102, 101, 103, 1, 1, 2, 1271710800, 1274302800, 30, 4286.18, 1903.18, 0.00, 128640.54),
(103, 102, 104, 1, 1, 2, 1274302800, 1276981200, 31, 4313.18, 1930.18, 0.00, 126257.54),
(104, 103, 105, 1, 1, 2, 1276981200, 1279573200, 30, 4215.66, 1832.66, 0.00, 123874.54),
(105, 104, 106, 1, 1, 2, 1279573200, 1282251600, 31, 4240.32, 1857.32, 0.00, 121491.54),
(106, 105, 107, 1, 1, 2, 1282251600, 1284930000, 31, 4203.89, 1820.89, 0.00, 119108.54),
(107, 106, 108, 1, 1, 2, 1284930000, 1287522000, 30, 4109.90, 1726.90, 0.00, 116725.54),
(108, 107, 109, 1, 1, 2, 1287522000, 1290204000, 31, 0.00, 1748.03, 4131.03, 114342.54),
(109, 108, 110, 1, 1, 2, 1290204000, 1292796000, 30, 0.00, 1691.64, 4074.64, 114342.54),
(110, 109, 111, 1, 1, 2, 1292796000, 1295474400, 31, 0.00, 1748.03, 4131.03, 114342.54),
(111, 110, 112, 1, 1, 2, 1295474400, 1298152800, 31, 0.00, 1748.03, 4131.03, 114342.54),
(112, 111, 113, 1, 1, 2, 1298152800, 1300572000, 28, 0.00, 1578.87, 3961.87, 114342.54),
(113, 112, 114, 1, 1, 2, 1300572000, 1303246800, 31, 0.00, 1748.03, 4131.03, 114342.54),
(114, 113, 115, 1, 1, 2, 1303246800, 1305838800, 30, 0.00, 1691.64, 4074.64, 114342.54),
(115, 114, 116, 1, 1, 2, 1305838800, 1308517200, 31, 0.00, 1748.03, 4131.03, 114342.54),
(116, 115, 117, 1, 1, 2, 1308517200, 1311109200, 30, 0.00, 1691.64, 4074.64, 114342.54),
(117, 116, 118, 1, 1, 2, 1311109200, 1313787600, 31, 0.00, 1748.03, 4131.03, 114342.54),
(118, 117, 119, 1, 1, 2, 1313787600, 1316466000, 31, 0.00, 1748.03, 4131.03, 114342.54),
(119, 118, 120, 1, 1, 2, 1316466000, 1319058000, 30, 0.00, 1691.64, 4074.64, 114342.54),
(120, 119, 121, 1, 1, 2, 1319058000, 1321740000, 31, 0.00, 1748.03, 4131.03, 114342.54),
(121, 120, 122, 1, 1, 2, 1321740000, 1324332000, 30, 0.00, 1691.64, 4074.64, 114342.54),
(122, 121, 123, 1, 1, 2, 1324332000, 1327010400, 31, 0.00, 1748.03, 4131.03, 114342.54),
(123, 122, 124, 1, 1, 2, 1327010400, 1329688800, 31, 0.00, 1748.03, 4131.03, 114342.54),
(124, 123, 125, 1, 1, 2, 1329688800, 1332194400, 29, 0.00, 1635.25, 4018.25, 114342.54),
(125, 124, 126, 1, 1, 2, 1332194400, 1334869200, 31, 0.00, 1748.03, 4131.03, 114342.54),
(126, 125, 127, 1, 1, 2, 1334869200, 1337461200, 30, 0.00, 1691.64, 4074.64, 114342.54),
(127, 126, 128, 1, 1, 2, 1337461200, 1340139600, 31, 0.00, 1748.03, 4131.03, 114342.54),
(128, 127, 129, 1, 1, 2, 1340139600, 1342731600, 30, 0.00, 1691.64, 4074.64, 114342.54),
(129, 128, 130, 1, 1, 2, 1342731600, 1345410000, 31, 0.00, 1748.03, 4131.03, 114342.54),
(130, 129, 131, 1, 1, 2, 1345410000, 1348088400, 31, 0.00, 1748.03, 4131.03, 114342.54),
(131, 130, 132, 1, 1, 2, 1348088400, 1350680400, 30, 0.00, 1691.64, 4074.64, 114342.54),
(132, 131, 133, 1, 1, 2, 1350680400, 1353362400, 31, 0.00, 1748.03, 4131.03, 114342.54),
(133, 132, 134, 1, 1, 2, 1353362400, 1355954400, 30, 0.00, 1691.64, 4074.64, 114342.54),
(134, 133, 135, 1, 1, 2, 1355954400, 1358632800, 31, 0.00, 1748.03, 4131.03, 114342.54),
(135, 134, 136, 1, 1, 2, 1358632800, 1361311200, 31, 0.00, 1748.03, 4131.03, 114342.54),
(136, 135, 137, 1, 1, 2, 1361311200, 1363730400, 28, 0.00, 1578.87, 3961.87, 114342.54),
(137, 136, 138, 1, 1, 2, 1363730400, 1366405200, 31, 0.00, 1748.03, 4131.03, 114342.54),
(138, 137, 139, 1, 1, 2, 1366405200, 1368997200, 30, 0.00, 1691.64, 4074.64, 114342.54),
(139, 138, 140, 1, 1, 2, 1368997200, 1371675600, 31, 0.00, 1748.03, 4131.03, 114342.54),
(140, 139, 141, 1, 1, 2, 1371675600, 1374267600, 30, 0.00, 1691.64, 4074.64, 114342.54),
(141, 140, 142, 1, 1, 2, 1374267600, 1376946000, 31, 0.00, 1748.03, 4131.03, 114342.54),
(142, 141, 143, 1, 1, 2, 1376946000, 1379624400, 31, 0.00, 1748.03, 4131.03, 114342.54),
(143, 142, 144, 1, 1, 2, 1379624400, 1382216400, 30, 0.00, 1691.64, 4074.64, 114342.54),
(144, 143, 145, 1, 1, 2, 1382216400, 1384898400, 31, 0.00, 1748.03, 4131.03, 114342.54),
(145, 144, 146, 1, 1, 2, 1384898400, 1387490400, 30, 0.00, 1691.64, 4074.64, 114342.54),
(146, 145, 147, 1, 1, 2, 1387490400, 1390168800, 31, 0.00, 1748.03, 4131.03, 114342.54),
(147, 146, 148, 1, 1, 2, 1390168800, 1392847200, 31, 0.00, 1748.03, 4131.03, 114342.54),
(148, 147, 149, 1, 1, 2, 1392847200, 1395266400, 28, 0.00, 1578.87, 3961.87, 114342.54),
(149, 148, 150, 1, 1, 2, 1395266400, 1397941200, 31, 0.00, 1748.03, 4131.03, 114342.54),
(150, 149, 151, 1, 1, 2, 1397941200, 1400533200, 30, 0.00, 1691.64, 4074.64, 114342.54),
(151, 150, 152, 1, 1, 2, 1400533200, 1403211600, 31, 0.00, 1748.03, 4131.03, 114342.54),
(152, 151, 153, 1, 1, 2, 1403211600, 1405803600, 30, 0.00, 1691.64, 4074.64, 114342.54),
(153, 152, 154, 1, 1, 2, 1405803600, 1408482000, 31, 0.00, 1748.03, 4131.03, 114342.54),
(154, 153, 155, 1, 1, 2, 1408482000, 1411160400, 31, 0.00, 1748.03, 4131.03, 114342.54),
(155, 154, 0, 1, 1, 2, 1411160400, 1413752400, 30, 0.00, 1691.64, 4074.64, 114342.54);

-- --------------------------------------------------------

--
-- Структура таблицы `op`
--

CREATE TABLE IF NOT EXISTS `op` (
  `id` int(11) NOT NULL AUTO_INCREMENT,
  `status` int(1) NOT NULL DEFAULT '0',
  `user_id` int(11) NOT NULL DEFAULT '0',
  `op_date` int(11) NOT NULL DEFAULT '0',
  `op_vid` int(1) NOT NULL DEFAULT '0',
  `op_summ` decimal(18,2) NOT NULL DEFAULT '0.00',
  `cat_id` int(11) NOT NULL DEFAULT '0',
  `sub_id` int(11) NOT NULL DEFAULT '0',
  `acc_id` int(11) NOT NULL DEFAULT '0',
  PRIMARY KEY (`id`)
) AUTO_INCREMENT=99 ;

--
-- Дамп данных таблицы `op`
--

INSERT INTO `op` (`id`, `status`, `user_id`, `op_date`, `op_vid`, `op_summ`, `cat_id`, `sub_id`, `acc_id`) VALUES
(18, 1, 1, 1284584400, 2, 6000.00, 9, -1, 2),
(22, 1, 1, 1284670800, 2, 11910.49, 22, -1, 2),
(25, 1, 1, 1284670800, 1, 920.00, 5, 27, 2),
(26, 1, 1, 1284670800, 1, 230.51, 1, 28, 2),
(28, 1, 1, 1284670800, 1, 50.00, 95, 65, 1),
(33, 1, 1, 1284843600, 1, 50.00, 1, 4, 1),
(37, 1, 1, 1285016400, 1, 4203.89, 23, 60, 2),
(39, 1, 1, 1284930000, 1, 650.00, 98, 74, 2),
(40, 1, 1, 1285099200, 1, 273.80, 1, 75, 2),
(41, -1, 1, 1285704000, 1, 1800.00, 100, -1, 2),
(42, -1, 1, 1285704000, 2, 1800.00, 101, -1, 1),
(43, -1, 1, 1285099200, 1, 1800.00, 100, -1, 2),
(44, -1, 1, 1285099200, 2, 1800.00, 101, -1, 1),
(45, 1, 1, 1285102800, 1, 1800.00, 100, -1, 2),
(46, 1, 1, 1285102800, 2, 1800.00, 101, -1, 1),
(47, -1, 1, 1285707600, 1, 200.00, 3, 76, 1),
(48, 1, 1, 1285102800, 1, 450.00, 5, 27, 1),
(49, 1, 1, 1285102800, 1, 200.00, 3, 76, 1),
(50, 1, 1, 1285102800, 1, 500.00, 5, 77, 1),
(51, 1, 1, 1285189200, 1, 500.00, 102, 78, 1),
(52, 1, 1, 1285621200, 1, 100.00, 102, 79, 1),
(53, 1, 1, 1285102800, 1, 100.00, 103, -1, 1),
(54, 1, 1, 1285102800, 1, 460.00, 5, 27, 2),
(55, 1, 1, 1285621200, 1, 460.00, 5, 27, 2),
(56, 1, 1, 1285790400, 1, 50.00, 1, 80, 1),
(57, 1, 1, 1285963200, 2, 8780.64, 7, -1, 2),
(58, 1, 1, 1285963200, 1, 400.00, 4, 81, 2),
(59, -1, 1, 1285963200, 1, 23174.00, 1, 28, 2),
(60, 1, 1, 1285963200, 1, 231.74, 1, 28, 2),
(61, 1, 1, 1286049600, 1, 850.00, 100, -1, 2),
(62, -1, 1, 1286049600, 2, 700.00, 101, -1, 1),
(63, 1, 1, 1286049600, 1, 150.00, 104, -1, 1),
(64, 1, 1, 1286049600, 2, 850.00, 101, -1, 1),
(65, 1, 1, 1286049600, 1, 450.00, 5, 82, 1),
(66, 1, 1, 1286049600, 1, 151.69, 4, 84, 2),
(67, 1, 1, 1286049600, 1, 1044.10, 3, 76, 2),
(68, 1, 1, 1286136000, 1, 50.00, 4, 85, 2),
(69, -1, 2, 1286398800, 2, 10000.00, 106, -1, 1),
(70, -1, 2, 1286398800, 1, 500.00, 107, 86, 1),
(71, -1, 1, 1286485200, 1, 90.00, 4, 87, 2),
(72, -1, 1, 1286485200, 1, 90.00, 4, 87, 1),
(73, -1, 1, 1286485200, 1, 100.00, 1, 28, 1),
(74, -1, 1, 1286485200, 1, 50.00, 1, 28, 1),
(75, -1, 1, 1286485200, 1, 50.00, 4, 81, 1),
(76, -1, 1, 1286485200, 1, 50.00, 1, 28, 1),
(77, -1, 1, 1286485200, 1, 50.00, 1, 4, 1),
(78, -1, 1, 1286485200, 1, 50.00, 1, 4, 1),
(79, -1, 1, 1286485200, 1, 90.00, 4, 87, 1),
(80, -1, 1, 1286485200, 1, 50.00, 1, 28, 1),
(81, -1, 1, 1286485200, 1, 50.00, 1, 28, 1),
(82, -1, 1, 1286485200, 1, 50.00, 4, 87, 1),
(83, -1, 1, 1286485200, 1, 50.00, 1, 4, 1),
(84, -1, 1, 1286485200, 1, 50.00, 1, 4, 1),
(85, -1, 1, 1286485200, 1, 50.00, 1, 28, 1),
(86, -1, 1, 1286485200, 1, 50.00, 4, 87, 1),
(87, -1, 1, 1286485200, 1, 50.00, 1, 75, 1),
(88, -1, 1, 1286485200, 1, 90.00, 4, 87, 1),
(89, -1, 1, 1286485200, 1, 50.00, 1, 28, 1),
(90, -1, 1, 1286485200, 1, 90.00, 4, 87, 1),
(91, -1, 1, 1286485200, 1, 50.00, 1, 4, 1),
(92, -1, 1, 1286485200, 1, 30.00, 1, 28, 1),
(93, -1, 1, 1286485200, 1, 30.00, 1, 4, 1),
(94, -1, 1, 1286485200, 1, 30.00, 1, 28, 1),
(95, -1, 1, 1286485200, 1, 50.00, 1, 28, 1),
(96, -1, 1, 1286485200, 1, 1.00, 111, -1, 1),
(97, -1, 1, 1286485200, 1, 1.00, 111, -1, 1),
(98, -1, 1, 1286485200, 1, 1000.00, 112, -1, 2);

-- --------------------------------------------------------

--
-- Структура таблицы `strings`
--

CREATE TABLE IF NOT EXISTS `strings` (
  `id` int(11) NOT NULL AUTO_INCREMENT,
  `name` varchar(30) NOT NULL DEFAULT '',
  `value` text NOT NULL,
  `type` varchar(10) DEFAULT NULL,
  `comment` varchar(250) DEFAULT NULL,
  PRIMARY KEY (`id`),
  KEY `name` (`name`)
) AUTO_INCREMENT=2 ;

--
-- Дамп данных таблицы `strings`
--

INSERT INTO `strings` (`id`, `name`, `value`, `type`, `comment`) VALUES
(1, 'vers', '0.01 alpha', 'system', '');

-- --------------------------------------------------------

--
-- Структура таблицы `subcat`
--

CREATE TABLE IF NOT EXISTS `subcat` (
  `id` int(11) NOT NULL AUTO_INCREMENT,
  `user_id` int(11) NOT NULL DEFAULT '0',
  `status` int(1) NOT NULL DEFAULT '0',
  `rating` int(11) NOT NULL DEFAULT '0',
  `name` varchar(255) NOT NULL DEFAULT ' ',
  `cat_id` int(11) NOT NULL DEFAULT '0',
  PRIMARY KEY (`id`)
) AUTO_INCREMENT=88 ;

--
-- Дамп данных таблицы `subcat`
--

INSERT INTO `subcat` (`id`, `user_id`, `status`, `rating`, `name`, `cat_id`) VALUES
(1, 1, -1, 0, ' Фрукты, овощи', 1),
(2, 1, -1, 0, ' Мясо, колбасы', 1),
(3, 1, -1, 0, 'Оплата обеда', 1),
(4, 1, 1, 9, ' К чаю', 1),
(5, 1, -1, 0, ' Рыба, морепродукты', 1),
(6, 1, 1, 0, 'Зимняя обувь', 2),
(7, 1, 1, 0, ' Кроссовки', 2),
(8, 1, 1, 0, 'Медикаменты', 3),
(9, 1, 1, 0, 'Витамины', 3),
(10, 1, 1, 0, ' Бытовая химия', 4),
(11, 1, 1, 0, ' Моющие средства', 4),
(12, 1, 1, 0, ' Запчасти', 5),
(13, 1, 1, 0, 'Другие расходы', 5),
(16, 1, 1, 0, ' Летняя обувь', 2),
(21, 1, 1, 0, 'Nike', 2),
(23, 1, 1, 0, 'Adidas', 2),
(24, 1, 1, 0, 'Puma', 2),
(25, 1, 1, 0, 'Сбербанк Автокред', 23),
(27, 1, 1, 3, 'Бензин', 5),
(28, 1, 1, 12, 'Астор', 1),
(60, 1, 1, 1, 'СКБ банк', 23),
(61, 1, 1, 0, 'Аренда', 93),
(65, 1, 1, 0, 'На дни рождения', 95),
(72, 1, 1, 0, 'У Кости', 97),
(73, 1, -1, 0, 'Света', 98),
(74, 1, 1, 2, 'Ирина Нерозя', 98),
(75, 1, 1, 2, 'Наш магазин', 1),
(76, 1, 1, 3, 'Таблетки', 3),
(77, 1, 1, 1, 'Казахская страховка', 5),
(78, 1, 1, 1, 'Тайнша', 102),
(79, 1, 1, 1, 'Дезбарьер', 102),
(80, 1, 1, 1, 'Минералка', 1),
(81, 1, 1, 2, 'Интернет', 4),
(82, 1, 1, 1, 'Развал схождение', 5),
(83, 1, -1, 0, 'Телефон', 4),
(84, 1, 1, 1, 'Мобильный Билайн', 4),
(85, 1, 1, 1, 'Мобильный МТС', 4),
(86, 2, 1, 1, 'Топливо', 107),
(87, 1, 1, 7, 'Шампунь', 4);

-- --------------------------------------------------------

--
-- Структура таблицы `users`
--

CREATE TABLE IF NOT EXISTS `users` (
  `id` int(11) NOT NULL AUTO_INCREMENT,
  `status` int(11) DEFAULT '0' COMMENT '-2-blocked, -1-deleted, 0-not activated, 1-normal >1 not specified by available',
  `u_key` int(11) NOT NULL DEFAULT '0',
  `u_login` varchar(50) NOT NULL DEFAULT '',
  `u_pass` varchar(50) NOT NULL DEFAULT '',
  `last_visit_dt` int(11) NOT NULL DEFAULT '0',
  `reg_date` varchar(10) NOT NULL DEFAULT '',
  `activity` int(11) NOT NULL DEFAULT '0',
  `nick_name` varchar(50) DEFAULT NULL,
  `first_name` varchar(50) DEFAULT NULL,
  `second_name` varchar(50) DEFAULT NULL,
  `last_name` varchar(50) DEFAULT NULL,
  `email` varchar(100) DEFAULT NULL,
  `cel_phone` varchar(25) DEFAULT NULL,
  `home_phone` varchar(25) DEFAULT NULL,
  `fax` varchar(25) DEFAULT NULL,
  `city_id` int(11) NOT NULL DEFAULT '0',
  `address` varchar(255) DEFAULT NULL,
  PRIMARY KEY (`id`),
  KEY `status` (`status`),
  KEY `ind_login_pass` (`u_login`,`u_pass`)
) AUTO_INCREMENT=4 ;

--
-- Дамп данных таблицы `users`
--

INSERT INTO `users` (`id`, `status`, `u_key`, `u_login`, `u_pass`, `last_visit_dt`, `reg_date`, `activity`, `nick_name`, `first_name`, `second_name`, `last_name`, `email`, `cel_phone`, `home_phone`, `fax`, `city_id`, `address`) VALUES
(1, 1, 8093342, 'ccc', 'ccc', 1287945707, '', 20941, '1', 'Сергей', '', 'Страхов', NULL, NULL, NULL, NULL, 0, NULL),
(2, 1, 6385403, 'smallll', 'smallll', 1287672808, '', 244, '2', 'Константин', ' ', 'Страхов', NULL, NULL, NULL, NULL, 0, NULL),
(3, 1, 0, 'pro', 'pro', 1284217329, '', 6, '3', 'Антон', ' ', 'Пронин', NULL, NULL, NULL, NULL, 0, NULL);
